{
  "total_time": 1184.1194686889648,
  "avg_epoch_time": 59.20597343444824,
  "epoch_times": [
    58.9206109046936,
    58.97900867462158,
    58.771127462387085,
    58.66046333312988,
    59.28531360626221,
    58.641818046569824,
    58.625738859176636,
    59.977558612823486,
    58.95848536491394,
    59.045597076416016,
    59.01239013671875,
    58.739341020584106,
    58.873615026474,
    58.955761671066284,
    58.80532884597778,
    58.76827812194824,
    59.24857187271118,
    58.84353017807007,
    58.943835496902466,
    58.82844805717468
  ],
  "train_losses": [
    4.117050330194644,
    3.1550448634790085,
    2.7629464892331663,
    2.4926148868579716,
    2.2718576789559446,
    2.081212437271152,
    1.9164716761062268,
    1.7592410639076275,
    1.6171246159825856,
    1.4822218945165717,
    1.354706802008039,
    1.2379714194048594,
    1.1306825663972453,
    1.0305564385133383,
    0.9384941327926737,
    0.8550396792615261,
    0.780106585764438,
    0.712956519413415,
    0.6559720959066687,
    0.6049410585137422
  ],
  "val_losses": [
    3.2415596395730972,
    2.850846916437149,
    2.586832746863365,
    2.4230662137269974,
    2.3120375499129295,
    2.2646234706044197,
    2.1966643258929253,
    2.171875424683094,
    2.1942969150841236,
    2.1844634488224983,
    2.1999820359051228,
    2.245306834578514,
    2.2823747768998146,
    2.34368047863245,
    2.3789614774286747,
    2.4343787506222725,
    2.4976234287023544,
    2.549214269965887,
    2.6470825150609016,
    2.664350003004074
  ],
  "best_val_loss": 2.171875424683094,
  "best_epoch": 8,
  "initial_train_loss": 4.117050330194644,
  "final_train_loss": 0.6049410585137422,
  "total_params": 56434496,
  "peak_memory_mb": 2293.22314453125,
  "val_evaluation": {
    "loss": 2.664350003004074,
    "token_accuracy": 0.5970262479138219,
    "sentence_accuracy": 0.02561576354679803,
    "precision": 0.07118884500773277,
    "recall": 0.07879262548079918,
    "f1_score": 0.07479798650905804,
    "correct_tokens": 7870,
    "total_tokens": 13182,
    "correct_sentences": 26,
    "total_sentences": 1015
  }
}